Price,Close,High,Low,Open,Volume
Ticker,LLY,LLY,LLY,LLY,LLY
Date,,,,,
2022-03-22,277.3021240234375,282.6921183951696,275.7162866400757,281.82623354727343,3791600
2022-03-23,276.49456787109375,280.37651521683426,275.6773173610014,276.7183505084985,3149200
2022-03-24,279.8997497558594,281.02834210173495,276.9517992087823,278.537665783666,2412400
2022-03-25,281.1938171386719,283.75260594291757,278.81988583147,280.68790854693896,2399800
2022-03-28,283.7623596191406,284.53097611098576,280.5030658361871,283.44127881631243,2195000
2022-03-29,280.58087158203125,285.202249134369,279.7927777782451,284.1222907300774,2798100
2022-03-30,282.040283203125,284.3752893228464,280.19170823759913,282.71157185387307,2220100
2022-03-31,278.6155700683594,283.8985275381554,278.177773137588,281.53433503835225,3227600
2022-04-01,284.7449951171875,285.20226948474834,276.3097512661609,278.4015268956023,3066200
2022-04-04,283.5289001464844,286.9924995761871,283.07162568682713,284.82287314994653,3014100
2022-04-05,284.5698547363281,287.81940960804116,281.2716656567494,283.8207157261569,2324200
2022-04-06,297.5584411621094,298.2589461432517,286.78818821125435,288.07245229188544,4672900
2022-04-07,300.0782470703125,305.49742832282243,296.74113260656316,296.74113260656316,4270800
2022-04-08,303.25,303.9213184212438,299.61128194779866,299.6599161615978,3024700
2022-04-11,300.5938415527344,305.26388292830364,299.7084793563793,304.6120124088035,2178100
2022-04-12,299.7376403808594,301.2262090769128,295.9432524979004,298.2782581419361,2688100
2022-04-13,294.4742126464844,299.95173666561925,292.275400188095,298.9593672587278,2528700
2022-04-14,293.6861572265625,296.2254985374538,292.06139446462635,295.52499366112687,1898100
2022-04-18,290.7284240722656,293.88068038630604,288.7631035431141,292.9174975550624,1581400
2022-04-19,288.96746826171875,291.5748911532623,285.8443683930142,290.3295526310913,2021700
2022-04-20,284.9882507324219,290.9036018804378,284.38501430964084,288.97720613566963,2608600
2022-04-21,281.767822265625,285.5038674962254,278.8977212387158,284.98822021402054,2716800
2022-04-22,271.1825256347656,281.77762944249235,270.8614447880718,281.4662873157649,2772600
2022-04-25,277.4772644042969,278.20695563640015,269.33388531340586,271.20190793172367,2410200
2022-04-26,275.1714172363281,282.35158376473004,275.13252174799675,278.43071070243735,2166600
2022-04-27,277.3702087402344,280.3278986469602,272.9920616450563,275.4341043037762,2352100
2022-04-28,289.22039794921875,292.3726841734447,280.7462589918007,287.97505946903425,5886900
2022-04-29,284.2196350097656,289.2593625387964,281.31060848427154,287.7805321705911,3910900
2022-05-02,281.7192077636719,284.91038978246,276.58218232632476,283.3440000823029,2789900
2022-05-03,280.2695617675781,281.9624360275468,276.41677045071884,280.8143955452971,2109500
2022-05-04,286.91455078125,288.9382441732523,276.4264579660631,280.68785898125924,2743600
2022-05-05,284.453125,287.0021752138224,280.4933263835829,285.4747106439802,3120200
2022-05-06,288.8604431152344,290.17389333176,280.70735462241004,282.3126991599489,2931200
2022-05-09,281.3981628417969,286.943798891715,278.8880081496657,285.5622666612868,3460500
2022-05-10,277.9637145996094,285.48437960860895,277.2826575991971,284.0931088384756,3140800
2022-05-11,278.9269104003906,286.5254261166768,275.336827134192,275.98869770426154,2625200
2022-05-12,283.89849853515625,284.0833560063345,275.6578517574236,275.6578517574236,2370000
2022-05-13,284.6892395019531,285.8313769341303,279.6910997640632,285.6654396004867,2337700
2022-05-16,292.25482177734375,302.0753934441729,284.65998538350584,285.15782722937803,5118300
2022-05-17,294.22674560546875,296.17914608034414,286.40740196165433,292.86007123130935,2553000
2022-05-18,288.1645812988281,295.39822940701015,287.03218532731074,292.8601025599036,2161400
2022-05-19,279.4568176269531,286.59283863154343,277.60204322446833,286.59283863154343,3157400
2022-05-20,291.73748779296875,292.1181904474523,282.04382522690025,283.8107455209311,3129100
2022-05-23,295.398193359375,297.66298502603576,292.22554263547005,293.44579291389505,2873600
2022-05-24,298.6781921386719,300.34751585933674,292.66479558765076,296.48174178215305,2804900
2022-05-25,299.7032470703125,303.03209348426503,297.3896572537976,299.69347553464655,3195700
2022-05-26,305.9996643066406,306.4389662527877,296.38408769955043,297.9655568309227,3284200
2022-05-27,315.78118896484375,316.3668851359906,303.852023688574,305.2089262067441,3694300
2022-05-31,305.9801330566406,310.88064637460275,301.6750874440764,309.094213467149,6298900
2022-06-01,303.67633056640625,306.4292221484888,298.31700125824096,305.98017841954555,2731500
2022-06-02,295.23223876953125,303.27614920507625,291.07364590185585,303.1785232203969,3703300
2022-06-03,294.4707946777344,298.5317912268144,293.5434223300374,294.96866633036416,2490000
2022-06-06,296.1400451660156,307.6299392980642,295.8764818664247,307.6299392980642,3734400
2022-06-07,304.672119140625,304.7209172390457,295.8082037465374,296.7551192277969,3652800
2022-06-08,306.02899169921875,307.9911636378504,303.4127823085538,304.994221868713,2684500
2022-06-09,296.03271484375,304.4963838058076,295.8960325140061,304.1839925874783,1963300
2022-06-10,289.94122314453125,294.4805479943072,289.80454082039626,292.1083887219505,2469800
2022-06-13,284.3476257324219,286.1828870858736,281.6435615926136,283.5178495088375,2898800
2022-06-14,283.8692932128906,285.0504872328138,280.4525921672918,282.2878534955308,2422600
2022-06-15,286.01690673828125,289.28718359147825,281.6630618883593,284.6600038584058,1970100
2022-06-16,281.2139892578125,283.2933003801265,276.37201497977804,283.2933003801265,2628600
2022-06-17,283.9766540527344,293.82651125300004,282.7856885255271,283.10785129940257,6900000
2022-06-21,290.263427734375,292.15725892221064,283.40074001062743,285.42148201897874,2821300
2022-06-22,299.3908386230469,302.2803828435899,289.3750151414908,289.892400050486,4535700
2022-06-23,305.2773132324219,305.73612849627494,299.878927574541,302.13394754610744,3729300
2022-06-24,317.87030029296875,318.06555224697854,311.417631353283,311.94475800483156,5449900
2022-06-27,319.4810485839844,322.975862200286,314.33648393512,316.5134212412662,3218900
2022-06-28,310.0606994628906,321.23820355063197,309.22118159961843,318.74887519232243,2742900
2022-06-29,315.3126525878906,316.9722047811749,310.08997575859985,310.5878473748381,2562500
2022-06-30,316.513427734375,319.266289884569,312.3938613581942,314.46340118666325,2732900
2022-07-01,316.98199462890625,317.65557522676727,310.1974203425249,316.1717614789714,1817800
2022-07-05,319.3931884765625,319.63723853740555,311.3395364687431,314.7660088561845,2107700
2022-07-06,322.2925109863281,324.8208660934492,318.973436049196,320.1936863783819,2252500
2022-07-07,320.1448669433594,322.63416553247424,318.47554315458433,319.4615148880551,2395000
2022-07-08,322.60491943359375,326.5585187945994,318.39749845736867,318.77820108892837,1898200
2022-07-11,323.19061279296875,324.7622808415626,321.5896301382673,322.74153924371365,1342600
2022-07-12,315.88861083984375,324.0886863460497,315.66407407489004,322.14605753231723,2058200
2022-07-13,314.7855224609375,316.95268819510983,313.1943112959968,314.34625022572726,2564200
2022-07-14,319.110107421875,319.9593968552056,308.00094404005273,309.98262931491314,2615700
2022-07-15,323.7079772949219,327.34918480597275,320.35961791380976,324.0691665856011,3340300
2022-07-18,314.11199951171875,324.0692557468812,312.10102902282193,322.2632790053415,2116300
2022-07-19,318.4365539550781,319.5884631742891,314.18030509976717,316.3767558035893,1628100
2022-07-20,314.3658142089844,320.018022877124,312.6867483261895,319.30538585893174,2051000
2022-07-21,319.13934326171875,320.24242432745837,312.10091923521077,313.7995276324689,1692100
2022-07-22,320.9258117675781,321.3846270475353,318.0752941107937,319.16866334588923,1850800
2022-07-25,323.6591491699219,324.36201447251267,320.25222016537464,320.9258006549935,1741700
2022-07-26,323.6689453125,324.65491707629036,320.7891427225025,323.11250403246385,1812300
2022-07-27,321.1112365722656,322.99529545867586,317.4504865017098,321.1502929145711,1643000
2022-07-28,322.92706298828125,325.65067029895533,314.0826902245533,322.3803931770645,2350900
2022-07-29,321.8434753417969,323.1808649697862,319.04178528177215,323.1808649697862,3399900
2022-08-01,316.43524169921875,322.5657768496597,315.76166127833136,319.7152893737045,2464300
2022-08-02,312.5793151855469,321.1503517287563,311.7592808032555,319.4029450335117,3405700
2022-08-03,306.3608703613281,313.3407250480074,302.83680223012146,312.99904904796676,5152200
2022-08-04,298.5122375488281,302.86608166243803,295.04670931177657,302.8172835738404,4696300
2022-08-05,294.148681640625,298.0534828418824,293.16270980410144,295.2810775639419,2814300
2022-08-08,295.30059814453125,298.834438552418,289.4726810159454,293.49462158605456,3218900
2022-08-09,295.8081970214844,299.40063667989835,294.12913135447326,297.82893874347945,2122900
2022-08-10,297.3603515625,299.8203953226939,295.3884377312295,297.2529838320246,2351000
2022-08-11,294.0022277832031,298.151078639427,292.4988711313934,293.86554545519044,2198800
2022-08-12,301.7295837402344,302.1311360633069,295.0893399769262,296.67597228584344,2305100
2022-08-15,307.4687805175781,308.1249531198314,300.9754394323674,302.8362688959587,2795800
2022-08-16,303.9136657714844,307.88997575428635,303.2476895914697,307.4590429581526,2248000
2022-08-17,310.2894287109375,313.9915107595493,303.61980493993457,303.61980493993457,2747200
2022-08-18,310.19146728515625,312.3852847100969,307.72342268209803,310.2208477010788,2261600
2022-08-19,316.11676025390625,319.03534454173854,310.95540104989095,310.9652044851172,3393100
2022-08-22,316.43994140625,319.05488792338144,313.7858110408621,315.6368369038461,2488000
2022-08-23,308.6048583984375,315.2059174006478,307.40020159452865,314.6182792063382,2962000
2022-08-24,312.297119140625,314.2460896515848,308.72236266868407,309.9465963843158,1827000
2022-08-25,316.4791564941406,316.7043963946813,309.31980941664443,313.9915049333788,1977900
2022-08-26,309.0553894042969,317.89925367938685,308.77135877787134,316.9198665840789,1858000
2022-08-29,303.75689697265625,308.3796051871418,303.2965838493815,306.8811441498468,1697000
2022-08-30,300.7110290527344,305.539400370799,299.7022615168251,303.74713509596864,1980300
2022-08-31,295.0207824707031,302.45432686165657,294.90323091410636,300.8089637315648,3183500
2022-09-01,302.7579650878906,303.0321923039745,294.3058489045736,294.79554249676096,2939200
2022-09-02,295.11871337890625,303.82547938918947,293.5810982862929,303.717731261891,2525400
2022-09-06,300.49554443359375,306.38164033042375,296.00016142212945,296.7053212997231,2322200
2022-09-07,305.1770935058594,305.9605914028949,298.5956095497624,302.4054106652515,2228100
2022-09-08,308.99664306640625,309.22191286876375,301.249687192445,305.51983067035536,2212500
2022-09-09,311.15130615234375,313.570393582277,308.7224152866887,309.92707222805615,2177000
2022-09-12,308.722412109375,313.84461755574597,308.38942407201864,312.3167760250412,2077400
2022-09-13,300.16265869140625,305.87247403640936,298.70335115297246,303.6198949899864,2272400
2022-09-14,303.2280578613281,305.38272166537763,299.59453970354633,300.8775345496086,2002900
2022-09-15,303.0909118652344,305.84298708743296,299.44759084001294,303.32595519314515,2348100
2022-09-16,302.5229187011719,305.5296146118405,300.4172123650145,301.6218693496114,4380200
2022-09-19,298.80120849609375,300.2017248840214,291.51456603848925,300.162570919529,2515300
2022-09-20,295.5104675292969,297.55738289222563,292.7779692709186,297.55738289222563,1816800
2022-09-21,290.36871337890625,298.2527679915055,290.2120078480745,294.79553254293825,2241200
2022-09-22,304.4620666503906,306.1661906605242,293.776949674476,294.5996312617309,5918300
2022-09-23,305.0399169921875,308.68323842898843,298.8306059740824,305.4414693150783,4572600
2022-09-26,301.1615295410156,305.3043476828624,298.5955401527809,302.4347207999266,3760000
2022-09-27,304.68731689453125,307.4785759616374,301.964622094094,302.77750019374264,3019600
2022-09-28,327.48748779296875,334.6566090748309,321.3369375401341,326.65500271795185,9436300
2022-09-29,323.2076110839844,327.7813330182572,320.52406956902166,327.08597640695683,3743100
2022-09-30,316.6848449707031,322.7178734782998,315.7740220828279,320.40650423277725,4474100
2022-10-03,314.9219055175781,322.561142720756,310.51466363100235,319.2703865700813,3340500
2022-10-04,323.0899963378906,323.29565924200875,315.1471521137231,315.53890094154997,2622500
2022-10-05,324.9410095214844,326.9683477339242,320.7688114417129,321.53273208702836,2186100
2022-10-06,326.08697509765625,332.2669058419627,320.13228427717235,321.1802357380357,4299200
2022-10-07,319.9266357421875,326.2045114653354,318.20290465519395,326.10656676475145,2601600
2022-10-10,317.2137145996094,320.2693976892222,313.63892763366727,319.505476916819,1956200
2022-10-11,320.84722900390625,322.24774542323536,312.8456230198545,313.4038808558746,2598900
2022-10-12,317.8796691894531,326.772490653863,317.2038897185699,320.6317444711864,1764700
2022-10-13,325.25445556640625,326.4982663993648,312.52242351385246,312.54200049560393,2657400
2022-10-14,324.55908203125,328.37868546834596,321.46421543161017,324.7255610886828,2231400
2022-10-17,325.9009094238281,330.6215332325374,324.9117187414021,325.9302898456563,2230000
2022-10-18,328.1240539550781,328.41785812522585,323.56010655147827,327.25241499129197,2087100
2022-10-19,322.5024108886719,328.7117219850823,319.25083829781227,328.33955007680595,2419000
2022-10-20,322.28692626953125,324.60806895829535,319.18225595282547,324.3240383251338,1761200
2022-10-21,333.7456970214844,335.3714830270903,320.0342790300564,322.28688706175967,3274700
2022-10-24,340.728759765625,344.51898298986185,337.12462247800374,337.12462247800374,3375900
2022-10-25,344.0684814453125,345.06744553248296,335.9787343941827,339.37720884386465,2513100
2022-10-26,350.48345947265625,354.0288659438657,343.2164237994034,345.2339588700872,2373500
2022-10-27,348.98504638671875,353.67631969302334,347.99588558630495,351.5902200639047,2347600
2022-10-28,352.4814453125,354.5381643985947,349.6804122828043,352.892801085129,2942100
2022-10-31,354.6262512207031,356.41854624902396,343.23597511536275,351.2571573978305,4258200
2022-11-01,345.31231689453125,351.59019227079494,333.72617976912477,338.70145346550237,7013000
2022-11-02,347.6432189941406,355.6644013269125,342.99113050537034,346.859721309335,3774400
2022-11-03,354.2247314453125,355.35102067168697,344.2643810302901,346.7618062665345,2602500
2022-11-04,350.0427551269531,358.33816525214513,346.056642364135,357.672189181924,3004600
2022-11-07,357.5448303222656,359.43504011748604,350.1308633297037,350.6205568448501,2560300
2022-11-08,359.1020812988281,361.14899677187515,354.46956950918104,357.62319719856725,3278600
2022-11-09,355.7819519042969,362.1773486667404,354.44999975417875,360.8453965166222,2323700
2022-11-10,361.11962890625,361.3938561110101,355.51753324741645,359.6701251733617,2994000
2022-11-11,345.0380859375,360.24796739957156,337.4184549967741,358.6124075731907,6646300
2022-11-14,349.693359375,354.34859478428103,334.0383769551797,352.64954775311105,4717400
2022-11-15,343.6925964355469,350.6066934284498,340.16676243586284,350.5575994614367,4180700
2022-11-16,346.61932373046875,350.4987065778938,343.70242849355844,343.7417216538793,3563800
2022-11-17,354.319091796875,355.8217327992846,346.40321436301855,346.5996501689384,2929700
2022-11-18,355.2030334472656,358.14939079174786,352.9245099076108,356.0672730919204,2420900
2022-11-21,354.7119445800781,357.2556292806694,349.0156362016258,353.9458929326873,1999200
2022-11-22,354.42718505859375,356.3128371562439,350.91118150492775,355.52715377753964,2460400
2022-11-23,355.2521057128906,355.98869500401497,352.2173614300856,354.87889567655105,1993000
2022-11-25,358.718994140625,359.2886100196618,355.08514155413826,356.41100830714805,1039100
2022-11-28,359.2297058105469,362.90285176238507,354.5450083187665,356.95121219223734,2481300
2022-11-29,357.44232177734375,359.5636730340069,354.19150937800777,358.1003249066888,2207000
2022-11-30,364.44476318359375,365.69207369360106,355.33069861572125,358.54224743752775,5556400
2022-12-01,363.7081604003906,368.4812749073816,361.9010648168223,368.0884332538923,2516100
2022-12-02,368.0589904785156,368.3339826477913,358.47349776908004,359.5341732871724,1925600
2022-12-05,362.686767578125,368.5401889694936,361.69481770501517,367.0768411146255,2296500
2022-12-06,361.9502258300781,364.0126821870231,358.9842066028496,360.4377538387318,1971000
2022-12-07,365.31884765625,368.5303663658311,362.16625369569624,362.71623800121665,1629100
2022-12-08,365.1420593261719,366.58577556545504,359.94664102672493,366.58577556545504,2090900
2022-12-09,354.53521728515625,367.3125982760895,354.3584430140015,366.330479029362,2787200
2022-12-12,360.68328857421875,361.25290454212524,356.018222214171,356.4405262914034,2639200
2022-12-13,352.2468566894531,366.07508108489674,351.9129397762622,355.1637517535097,5032600
2022-12-14,357.00030517578125,362.82426444660393,350.675455555658,352.59059985553876,5095500
2022-12-15,353.5727233886719,357.46190681520875,350.3120806302703,354.21109483927575,3437100
2022-12-16,353.43524169921875,354.03435001354177,348.8192993118774,351.5299279996084,6612200
2022-12-19,351.382568359375,353.2682502080632,348.26923764281327,351.41203073332815,2658400
2022-12-20,353.2093200683594,354.98695320415277,349.9683091235099,352.0896899314398,2276000
2022-12-21,361.4296875,364.0519289152884,354.75125912099884,356.14588153835837,2211200
2022-12-22,358.7779541015625,363.14839642735615,355.81196497732395,360.7520232380619,1958100
2022-12-23,361.3216247558594,361.3216247558594,355.98872503154536,358.2967109994586,1030300
2022-12-27,358.3556213378906,363.11890495842255,357.81543785075615,362.8930067759594,1372100
2022-12-28,358.6895446777344,361.42966540299625,357.43243340836386,359.62256982651974,996000
2022-12-29,360.4573974609375,364.3171489040303,359.90741307698704,361.5181030384855,1077900
2022-12-30,359.2984313964844,361.37071818741174,355.6351165323503,360.9189218424581,1388000
2023-01-03,358.4636535644531,362.4019608875993,354.99677421608453,359.71096404816734,2006700
2023-01-04,356.60748291015625,360.55559125329773,353.8968243621462,358.1199548507603,1886200
2023-01-05,352.502197265625,355.0262205503976,346.64874590455804,354.4958978211187,2008500
2023-01-06,356.45037841796875,360.1431565487802,351.18620342477567,353.5629453002644,2131300
2023-01-09,343.57470703125,358.44400439553186,342.55332476049443,357.49134768222814,2980600
2023-01-10,346.44256591796875,346.894332381463,337.20082016602356,342.759618725361,2465200
2023-01-11,353.9656066894531,355.2914736870667,344.72386084065806,348.00413557795525,2602800
2023-01-12,352.6986083984375,354.0539375596339,346.76660060863605,352.8262886776657,2019700
2023-01-13,355.1539611816406,356.81374512494153,352.22726497564815,353.1406286920726,1690900
2023-01-17,351.3432922363281,355.5271293718773,350.1745680597019,355.15391930244743,2435200
2023-01-18,345.71575927734375,352.58076230048835,345.2934252792336,349.94869026542796,2302300
2023-01-19,344.8023681640625,349.4379716187775,344.154195918812,346.06931022357344,2658300
2023-01-20,339.88201904296875,342.82837681899423,335.47228319062447,340.7953827602804,5391900
2023-01-23,336.0909729003906,340.4122909984899,334.136565458663,340.4122909984899,3403100
2023-01-24,340.1962890625,340.431988082948,335.25620064104453,339.8132481823721,2242500
2023-01-25,343.47650146484375,343.5255954279167,338.9292855298185,339.37122111315813,2503300
2023-01-26,341.7872619628906,345.8826816384747,340.5301507712144,344.72378834668933,2576200
2023-01-27,335.98297119140625,341.86585537862214,335.4231560760159,339.92124864869163,2363600
2023-01-30,334.4116516113281,341.58111115490874,333.39023905568285,338.1731556796998,2647700
2023-01-31,337.996337890625,338.2418677060289,333.3116398026031,334.58838285394285,2406700
2023-02-01,336.444580078125,339.7543169722671,331.48486015649524,336.66064750006393,2990900
2023-02-02,324.7868347167969,329.30455910501337,311.33178955182257,328.0278161208478,13036600
2023-02-03,333.0169677734375,336.2088551985982,323.48059865839696,326.9966022063763,5670700
2023-02-06,331.62237548828125,337.2793917193884,328.6367247027636,335.86513766161164,3055700
2023-02-07,333.6062316894531,334.86334302522704,326.7412282982711,330.04113431521574,2464100
2023-02-08,334.6374816894531,336.73920116621184,331.77951125598156,332.5062698640338,2399400
2023-02-09,335.6784973144531,341.1390771408979,334.4115552767801,334.79459611426824,3072800
2023-02-10,338.948974609375,342.1997867741814,336.60172529913905,337.13204808909387,1980000
2023-02-13,344.1345520019531,344.5372244592502,339.81323363793143,340.2748308478184,2291600
2023-02-14,342.4496765136719,348.61764271884283,342.1737946743694,345.3858711432141,2028900
2023-02-15,330.0842590332031,341.7698635309731,329.4339595991086,340.76487171584665,3600700
2023-02-16,321.2756652832031,328.044648023686,320.93080546404053,326.1331702397324,3654200
2023-02-17,323.5714111328125,326.7145098254644,315.7875736768599,318.3986037636908,3695600
2023-02-21,322.69451904296875,326.8426095661978,321.53184613073273,322.33979660922296,2515600
2023-02-22,324.2315673828125,327.7096632639214,321.5318341853355,323.87684496224523,2379800
2023-02-23,322.7043151855469,327.93623745979744,320.9012357296024,323.1871309418064,2229500
2023-02-24,316.9108581542969,322.4186633272839,315.383630164685,321.20673751126714,2594600
2023-02-27,311.9646301269531,318.64494041709037,311.2552153143338,317.85671510034365,3043500
2023-02-28,306.64404296875,310.8512490912638,305.0872873988781,310.8512490912638,3966900
2023-03-01,309.5506286621094,312.25033157240614,304.65370363245825,305.4419288406303,3580800
2023-03-02,310.417724609375,311.64934552921676,305.9641941880204,307.2056776972593,2885200
2023-03-03,313.7480163574219,315.45259044818494,310.6049175250654,311.7183075907355,3002800
2023-03-06,314.27020263671875,315.5313811121422,311.84638136200294,312.27991428188597,2673700
2023-03-07,306.0627136230469,315.63979858993554,305.0478592417422,314.30964205336545,2620800
2023-03-08,307.94464111328125,308.42742687749785,304.7719845151381,305.93462741244747,2313200
2023-03-09,312.1912536621094,314.0830064163627,307.717998393139,307.717998393139,3920300
2023-03-10,310.38812255859375,321.7288959900485,309.71812809046435,314.1618253563306,4597300
2023-03-13,319.7189025878906,326.9214187446006,312.57550182508754,312.57550182508754,5275600
2023-03-14,322.2610168457031,322.4679207449509,316.71379130452743,319.28540140179064,4214300
2023-03-15,324.62567138671875,326.48786632136313,319.72874609128706,321.2066909884733,4743500
2023-03-16,324.6847839355469,326.82289076506515,320.2608118707239,322.8225890171999,3498200
2023-03-17,324.3399658203125,330.0251471168301,323.27585859712525,326.62586141841194,8679800
2023-03-20,328.6949462890625,329.0299435192087,324.1724385787905,324.33992215943084,3540900
2023-03-21,326.2120056152344,329.52261803527006,323.25611562931977,329.4733652297186,3240400
2023-03-22,326.1036376953125,330.6655660551743,325.78833554668273,326.89186299801895,2472200
2023-03-23,327.74908447265625,330.4093673245148,325.3547908164568,326.0248153752257,2703400
2023-03-24,331.1877746582031,331.9759999670369,323.9359755276865,328.093928679851,2791900
2023-03-27,329.6802062988281,331.27638177610004,318.50694788906253,322.9801722325904,3102300
2023-03-28,332.6854248046875,333.84806769438075,329.7985126896654,330.862619895566,2433200
2023-03-29,330.9316101074219,334.77426136634836,329.6605688979373,334.0155937039674,2743800
2023-03-30,335.68072509765625,336.29160422238283,331.1286592907007,331.1286592907007,2146900
2023-03-31,338.37060546875,338.59720446535533,335.68073465673757,336.971470926414,2933600
2023-04-03,345.5829772949219,346.37123274724286,337.2670702033794,338.19325156681214,3039600
2023-04-04,349.4058837890625,353.7214878106963,346.1051340868049,346.89338942686743,3585900
2023-04-05,356.91387939453125,359.48551950674954,352.66725287540135,352.81504137176563,3442700
2023-04-06,362.8749084472656,364.06710896396766,358.89430159709127,359.4854855956506,3531700
2023-04-10,361.6039123535156,362.93406899856296,357.7021455877316,362.7665553183957,1868000
2023-04-11,358.68743896484375,363.3774310699205,358.2440433977243,362.35274409472055,2027000
2023-04-12,363.6236877441406,366.9638575551284,357.98779015148205,358.6676471914377,2672600
2023-04-13,369.63397216796875,370.0379473370866,364.865140765171,367.14117325130485,2839900
2023-04-14,369.22021484375,370.7769702798216,367.0328551350788,368.73739905102013,2287900
2023-04-17,366.8752136230469,370.3730047028261,365.7027082040957,369.48624373164364,2059700
2023-04-18,364.4710693359375,368.7571155646694,364.2247451856525,367.515632225196,1925300
2023-04-19,365.0228271484375,365.8209149769985,361.94870661340764,365.10163764495843,2173000
2023-04-20,369.2990417480469,370.5306625831152,364.3233056019182,365.92934398186617,2766500
2023-04-21,379.5756530761719,380.59050737279205,372.4421153045452,372.45197789259566,3682500
2023-04-24,377.7134704589844,381.3590499615465,376.01875904664115,379.575665460454,2059700
2023-04-25,379.1815490722656,384.73863646322155,378.35390351658714,379.3884529439686,2648600
2023-04-26,370.7375793457031,375.89069192347046,365.2297743881687,375.51627436558135,3161200
2023-04-27,384.6105651855469,392.67028481422176,375.1714061492975,385.507188772923,4981300
2023-04-28,390.0395202636719,398.3652890440795,386.73880051733613,392.14806954301497,5349000
2023-05-01,399.84326171875,401.3606270951104,386.4925031174723,391.4189867443452,4091100
2023-05-02,398.25689697265625,405.48897039432086,393.38952937261746,401.01571541974204,3884600
2023-05-03,424.8500671386719,427.8158196927043,408.2182547887588,408.92766958321994,10129800
2023-05-04,422.1404724121094,426.33784549747406,418.9678161971681,425.10622476292957,4070700
2023-05-05,421.5197448730469,424.9288627611993,418.31753085594744,421.8054893123168,2752900
2023-05-08,426.3575744628906,428.60404965834516,416.7804896677701,419.9334510261373,2478600
2023-05-09,422.0813903808594,429.19523350857384,421.75622564267604,425.4215304411164,2601600
2023-05-10,429.5105285644531,431.94421249081614,419.7954879671933,419.7954879671933,2766300
2023-05-11,429.14593505859375,430.42683871858446,424.7810782053443,430.2790502378959,2595900
2023-05-12,429.15582275390625,440.1309581762166,429.1459646582908,434.81626890330875,3938400
2023-05-15,429.2348937988281,430.7067949878438,425.44151646979617,430.08443860274554,2234800
2023-05-16,431.348876953125,433.15667685589165,425.4316077519937,428.92863908509963,2128800
2023-05-17,432.158935546875,433.62097859134553,427.47649074271885,433.47277553534997,2274200
2023-05-18,432.5738220214844,434.18400772424025,428.32600797427665,431.21057105298314,2268100
2023-05-19,437.00933837890625,442.0770629934316,433.67036807904685,433.67036807904685,3442800
2023-05-22,428.7211608886719,449.4267189765817,427.1406097100002,438.91587878534335,4398000
2023-05-23,418.07208251953125,430.5981660475153,416.39273916870167,427.6642216215914,4492100
2023-05-24,420.6009826660156,423.7522572888951,415.1578966195647,418.85248197863035,3133000
2023-05-25,422.1222839355469,423.0014934515447,414.7034486806821,421.2035817413856,2882200
2023-05-26,420.6206970214844,426.4293155955799,418.5264397444739,419.74148761245095,2338400
2023-05-30,422.05316162109375,423.52509304983914,416.93605569477756,418.6450638005461,2595700
2023-05-31,424.24615478515625,425.332806321835,418.86233831469497,421.81602872827904,3950900
2023-06-01,431.1907958984375,431.4871718452017,422.9323047117234,425.04630842598914,2914400
2023-06-02,436.95989990234375,439.30115235090227,431.4772914785564,434.61867760086614,2498700
2023-06-05,438.8665466308594,442.3635481566755,436.34748638416835,437.6218337996218,2113800
2023-06-06,437.69097900390625,443.42055287112936,434.6779890062641,442.3931704018254,1495300
2023-06-07,431.0722961425781,441.2670146228543,430.3906705952462,434.8558153571403,2458300
2023-06-08,440.24951171875,442.037535177968,427.09121464835926,430.58824606373315,2040300
2023-06-09,440.6249084472656,443.84531027264575,437.2266689804794,443.84531027264575,2082000
2023-06-12,439.9037170410156,441.5633137864954,433.3542036504802,440.7335154137555,2566600
2023-06-13,440.3087463378906,441.96834309573006,436.88087259856025,438.28364638128556,1766300
2023-06-14,442.28448486328125,443.3316135885577,438.1552391242041,438.89613379664013,2163300
2023-06-15,448.4190979003906,451.0369197929216,442.25486368596574,442.5610977480874,2287100
2023-06-16,442.2745666503906,451.4320434752866,442.0671245973484,450.2663463578641,4295100
2023-06-20,446.463134765625,449.357556005889,439.70614892805247,440.4470435890329,2506300
2023-06-21,447.5003967285156,449.81198456416536,444.7442600160907,448.9821861216564,2347500
2023-06-22,452.1235656738281,456.6479794359436,448.3104421628044,449.4761092327678,2912500
2023-06-23,453.26947021484375,454.42527914773126,446.82863683148423,451.45181226887263,4832100
2023-06-26,447.2633056640625,459.61155020910286,443.4699285574759,459.61155020910286,3214700
2023-06-27,458.8607482910156,462.298510282937,446.21615845937407,456.88502924562914,4138700
2023-06-28,453.1311950683594,462.8418413392521,451.7679440434896,462.8220950008777,2854700
2023-06-29,458.85089111328125,460.174619345658,451.95565047220055,453.48682077720446,2112400
2023-06-30,463.2864074707031,464.1655868408955,458.36685579478353,459.00895850732087,3172300
2023-07-03,455.81817626953125,460.599412972941,451.8173269208915,460.599412972941,2113200
2023-07-05,460.0461730957031,461.57734323486847,454.4153619861733,456.48987292900426,2130200
2023-07-06,457.58642578125,461.9231437907117,456.01573267297925,457.49752203705526,2191700
2023-07-07,446.59149169921875,457.98151007445875,445.7616933699346,456.7170511707289,2914000
2023-07-10,447.6584167480469,449.1500942471445,444.25028939814814,447.4608327882836,2011400
2023-07-11,434.0556335449219,445.0900081258579,432.29721455854184,444.5368091750954,3573100
2023-07-12,435.2509460449219,438.90600847881797,429.7288144953301,433.1468002721534,3107800
2023-07-13,429.4225769042969,436.8710165255998,429.0669317745259,434.8854392447568,2865100
2023-07-14,444.0033874511719,444.98138899940994,435.5176767211262,435.74489529234995,2954500
2023-07-17,441.7115478515625,445.1492799018988,437.8786478508631,443.9935010736243,2347900
2023-07-18,445.7222595214844,447.81651703088744,439.6370408232274,441.52385625970186,2237900
2023-07-19,448.0535583496094,449.4760784602389,443.1142607841122,445.919778183665,2212800
2023-07-20,458.18902587890625,459.5720232260177,449.47609737148264,449.6242702752658,2624200
2023-07-21,456.4306640625,461.3699621278333,456.36150665428545,459.75974613500136,2226700
2023-07-24,453.7436828613281,459.9869628257852,452.1137205358223,456.3911393782658,2190700
2023-07-25,451.9852294921875,455.3241993180202,451.0566391803733,452.2025597810606,1737800
2023-07-26,448.0832214355469,449.47610705528007,441.1385698225321,449.47610705528007,1959800
2023-07-27,449.46624755859375,453.11145203873315,446.759521794457,447.81653884362123,1883500
2023-07-28,452.91387939453125,453.9906427388215,446.2952080283597,449.6045437114455,1437600
2023-07-31,449.03155517578125,453.44728865652695,445.32708179082954,453.44728865652695,2110200
2023-08-01,447.5893249511719,451.81736304492995,445.96925080255926,449.82189740599335,1738200
2023-08-02,448.9624328613281,456.0355110731955,445.84079297025266,449.7033275464766,2366600
2023-08-03,443.70703125,448.5870601924101,442.81796361998767,445.3073590134389,2414100
2023-08-04,444.0329895019531,446.9768218803293,441.4645787316622,443.7860246088804,1869800
2023-08-07,448.56719970703125,449.47604365341823,445.109691678928,447.7472896393666,2446400
2023-08-08,515.2675170898438,531.4684378252293,496.60686586945116,499.8569322296766,15094500
2023-08-09,519.84130859375,526.064871956863,510.61473421665505,514.0524661359658,5376600
2023-08-10,515.0107421875,522.320866934525,513.6770955722507,517.1148276313427,4108500
2023-08-11,521.8665161132812,525.3536292664805,513.6870094069095,517.3618183022356,2523500
2023-08-14,532.6077270507812,536.8646168737537,523.9454266572974,525.9551093518236,3981100
2023-08-15,541.141357421875,541.8046252581964,528.4300834192385,532.3404452025471,2826800
2023-08-16,540.76513671875,547.3286903966156,537.0626316539875,541.9135441092598,2597100
2023-08-17,532.2710571289062,543.2994164443232,532.0038044017665,537.7654783326752,2549900
2023-08-18,540.9532470703125,542.2798431363109,528.5488638781064,529.6675429747083,2957800
2023-08-21,544.5369262695312,547.9523595655978,540.2800365545168,541.507598568544,2305400
2023-08-22,548.1107177734375,550.5262644165014,541.7947191979359,544.0221677671109,1937100
2023-08-23,547.8137817382812,551.8133283910672,542.7154352927573,551.1400907066742,2121300
2023-08-24,542.5075073242188,551.397483272981,541.8145111973337,547.1604122636894,1776700
2023-08-25,548.100830078125,550.526225565783,541.5966734643243,544.1211029132246,1847600
2023-08-28,548.3681640625,550.6550090207552,544.6062627161314,544.6161721560646,1373700
2023-08-29,548.3482666015625,550.7736618338108,544.3487209809102,547.9027648813989,1701200
2023-08-30,542.4976196289062,552.1598071866423,541.5571291635376,549.4472792090434,2191100
2023-08-31,548.6453857421875,551.8231739377499,537.5576288271834,541.5373565749876,3043400
2023-09-01,551.526123046875,553.6051111934569,547.9622296861725,550.7440628968703,2030000
2023-09-05,552.5953369140625,556.2978417145434,551.1301900963515,553.6248913773987,2257200
2023-09-06,554.3377075195312,555.9612845187173,547.1603733077219,555.3969903022902,2424300
2023-09-07,567.4845581054688,570.5337045157071,556.980915494499,558.5351868043806,3707100
2023-09-08,580.58203125,581.6610725251777,565.494728465649,566.593649043074,4308300
2023-09-11,589.5908203125,592.164736869672,578.6218559900855,581.2651386256563,3876500
2023-09-12,593.2932739257812,595.1049489678114,581.9580238554166,585.046747625503,3212100
2023-09-13,592.8775024414062,594.7287548218773,585.7694739708319,588.6997675749614,3126600
2023-09-14,585.6803588867188,595.8078660752145,584.0964196385922,593.2338892677476,3244800
2023-09-15,569.8901977539062,588.1058007855488,569.296235656021,586.0664503515994,5938300
2023-09-18,565.55419921875,572.2068169453961,558.7530003205342,572.2068169453961,2723600
2023-09-19,569.197265625,572.6126383440173,564.9106477846976,565.8907154639571,2185100
2023-09-20,563.9305419921875,569.4842987482457,563.4850402344312,567.672623825852,1869900
2023-09-21,544.6161499023438,562.3070372437268,537.0626191984538,561.505158146284,4049900
2023-09-22,545.0220336914062,549.9224329858231,542.1412265847132,543.309392446527,2353800
2023-09-25,546.7544555664062,547.1207422761211,540.2800267916376,544.5864032022895,1686500
2023-09-26,544.4973754882812,548.5760767637164,542.5075116264309,545.1804621808059,1864300
2023-09-27,544.2498168945312,546.1604654352454,538.2208298054472,544.3785187506307,2004200
2023-09-28,538.9930419921875,546.1505570606487,535.9736239341232,545.7941798077127,2178800
2023-09-29,531.7463989257812,540.6166154002739,526.8658191252745,540.0225928925203,2967100
2023-10-02,532.894775390625,535.2212579343775,521.5298571066131,530.6376589212103,2810100
2023-10-03,519.926025390625,531.9542701642055,511.3924284460299,530.6276743919292,3266100
2023-10-04,526.13330078125,530.7960546896242,518.3817624409587,520.2924111727738,2220400
2023-10-05,536.0527954101562,537.0625914152203,526.2817260002165,528.1923746045806,2950700
2023-10-06,559.5548095703125,560.6833979298502,537.2704765173839,538.5475251831314,4743100
2023-10-09,566.0293579101562,573.9788431864748,557.9313518885734,558.3669442614821,4208100
2023-10-10,573.503662109375,580.0771249071643,564.0196640647183,564.2869772315297,3526700
2023-10-11,599.21337890625,602.6881478343031,579.1465233915793,590.2243697574562,5850600
2023-10-12,604.3810424804688,606.8559853243692,596.1642443234014,599.391579459593,4063500
2023-10-13,603.0941162109375,623.6559013585756,596.5206531679555,611.6970204086638,3963800
2023-10-16,610.4595947265625,615.746039480525,602.3318596346688,604.8661990142032,2941500
2023-10-17,602.2130126953125,614.1818633231502,596.4909760460009,612.7958711092734,2911700
2023-10-18,601.1536865234375,609.7071031973295,597.1937781103476,601.1536865234375,2049100
2023-10-19,584.87841796875,598.9361038969625,572.543342830544,598.9361038969625,3493700
2023-10-20,578.7802734375,590.937161796562,575.0579495702485,584.086536624538,3666500
2023-10-23,570.8703002929688,582.4431346320154,570.3654023206665,580.1859579142889,2781900
2023-10-24,586.4920654296875,588.5611439409407,573.3055645710199,574.1866586004886,2633000
2023-10-25,580.58203125,593.6893192764667,579.9979181350295,590.9569726271479,2283300
2023-10-26,562.4059448242188,575.1766730950014,560.4853869067588,574.1866960328758,2846500
2023-10-27,554.6148681640625,565.088843117255,551.06088410473,557.3670335884985,2717400
2023-10-30,560.0399780273438,567.4648064236278,556.9116164926008,565.4848521846187,2290900
2023-10-31,548.3781127929688,563.9009494435295,542.121449071708,563.267349476547,3661400
2023-11-01,548.9027709960938,552.8329514119256,545.7348319237482,549.4373369228335,2935900
2023-11-02,574.4738159179688,591.4519481299446,566.2570176963137,572.533499384081,5181300
2023-11-03,562.118896484375,577.1566510971355,561.4952060755604,572.6324484852393,3055400
2023-11-06,589.2245483398438,591.7193102881588,565.2869062342868,565.3759703476325,3978500
2023-11-07,593.9169921875,595.9068559530087,584.2152280741333,591.0163663505253,3168200
2023-11-08,612.9244995117188,619.5969352013767,586.2446057679873,601.5694312592922,7776400
2023-11-09,585.3933715820312,609.4795356868472,577.5824363529313,608.5984414073489,6279800
2023-11-10,591.71923828125,592.8576757000706,580.126584607737,589.0363785692892,3645900
2023-11-13,606.5689697265625,612.5484104372296,572.3553591096234,588.3929418805207,5744800
2023-11-14,605.8151245117188,610.9923242817692,597.7318790450095,603.2363918401367,3827600
2023-11-15,583.7176513671875,607.8879657803463,579.6314143004895,605.8746304924837,4287000
2023-11-16,583.9259643554688,590.2140429892168,576.9833201932805,586.6534317048998,3030500
2023-11-17,586.8617553710938,591.2951006853202,582.398626809631,587.5956823822588,2628200
2023-11-20,592.7034912109375,599.9040154915691,585.8501354976581,586.5939903111935,2827200
2023-11-21,587.744384765625,596.6309909397112,586.9212291280256,593.5365601496829,1851600
2023-11-22,590.2139892578125,594.2704427922304,581.9422987593276,590.5214467641744,2052200
2023-11-24,596.1748046875,598.555164268956,592.0885671495456,593.457264828624,1341700
2023-11-27,586.6832275390625,598.7435658784395,586.2964085418853,596.2441945552074,2630700
2023-11-28,586.7525634765625,590.501620223499,584.5309271235856,587.1493101974729,1793900
2023-11-29,587.0104370117188,589.6684705175049,579.6512515311814,587.3476777746771,1908600
2023-11-30,586.1971435546875,591.3446204078581,581.4067629577569,586.6137457644593,5658400
2023-12-01,579.2545776367188,597.0376588044138,578.2231207919062,586.8518484235997,3635900
2023-12-04,580.8811645507812,582.2796454731213,569.6241861352115,577.360263941048,2577100
2023-12-05,583.3309326171875,586.9509894963096,574.6228437528629,578.5008405052637,2157300
2023-12-06,584.4219360351562,589.0338601262503,579.6116990870751,585.8997179230594,2093100
2023-12-07,583.449951171875,584.0450107783436,572.8772613948486,583.4598789211589,2095000
2023-12-08,593.1498413085938,593.397792923599,579.9786829977462,584.1740049524154,2444600
2023-12-11,579.2545776367188,596.2640813045688,562.7608326588037,593.7547821009084,5614100
2023-12-12,579.96875,581.049785132007,573.4327188521714,577.2313545094997,2846100
2023-12-13,592.6041870117188,593.7645832816614,577.5386488569144,578.4808768261178,3112500
2023-12-14,568.969482421875,589.62882384728,564.0303065992148,589.62882384728,5275900
2023-12-15,567.3529052734375,569.0092655291924,557.0480828928772,567.4124112354069,5315900
2023-12-18,575.0095825195312,578.2726031834886,570.9828516966497,571.7465013205264,3033900
2023-12-19,575.0592041015625,580.3157653454286,572.5201824138619,575.4956012917166,2192700
2023-12-20,565.5379638671875,575.1088595554455,565.3594459747447,571.7565489933231,2647100
2023-12-21,567.313232421875,570.2886514730386,562.374056168161,566.7280400397217,1786500
2023-12-22,565.7164916992188,571.1813548871886,562.7707950845061,568.3249474877962,2225600
2023-12-26,565.994140625,568.0769703834106,562.9889987150171,564.8337440882785,1678700
2023-12-27,576.7452392578125,578.8974417851737,565.8254431926242,565.8254431926242,2163400
2023-12-28,576.0906372070312,581.8828123535986,575.2476261069288,577.2113831144918,1973500
2023-12-29,578.1436767578125,581.3670470394117,574.7219331211052,578.0742430567722,1998000
2024-01-02,587.3477783203125,587.8634764986379,574.3054995880431,575.654341800679,3226700
2024-01-03,612.6387939453125,614.7612740607972,593.8936297333239,595.0838094592534,5130300
2024-01-04,609.4649658203125,631.1954150207287,608.2450634535975,620.1368111970951,6272500
2024-01-05,613.4817504882812,614.8603757191546,605.1902646767101,608.9690441088171,2402500
2024-01-08,620.9005737304688,620.9302964434762,604.5952745110941,617.3300344609734,2453900
2024-01-09,620.35498046875,629.2217311452031,618.6093917083218,624.9470484458815,2918900
2024-01-10,625.0264282226562,631.8302050603338,620.6327334822299,623.3403453689466,2679100
2024-01-11,630.5111083984375,634.5180448243177,622.9932597954331,629.1920495284845,2690300
2024-01-12,637.652099609375,638.7232673802624,627.8233256551426,632.9708028555875,2066400
2024-01-16,629.3704833984375,642.4226266826888,628.4778335820091,638.6339196393684,2413600
2024-01-17,623.7568969726562,635.2718145556598,620.0674064546275,634.2105745105138,2124100
2024-01-18,618.2424926757812,618.768179122441,607.6797908803866,616.1895067071011,3385000
2024-01-19,623.4296875,624.4314216554552,614.9199715885229,617.2904034267702,3120500
2024-01-22,625.7107543945312,627.4563431430532,619.8789285915379,624.8379600202702,2030200
2024-01-23,624.5205688476562,624.8379541203044,609.7823421090403,622.5468840432653,2525000
2024-01-24,628.5076904296875,637.900067422594,626.8216075428934,628.3291725525053,2276900
2024-01-25,622.4774780273438,627.4265818810138,619.5615650236813,622.2295264472195,2407900
2024-01-26,634.01220703125,634.3593150385199,625.3339014989489,632.1277507587853,2410300
2024-01-29,639.7150268554688,640.3597251275597,634.5278995748176,636.2437050043151,2718500
2024-01-30,639.6952514648438,641.5003463176914,635.747881493869,640.4093835275904,2006100
2024-01-31,640.320068359375,658.113076290306,631.7806304108068,645.0510039112196,4719000
2024-02-01,655.0186157226562,655.1079049234814,637.9000296054,642.025977639192,2494300
2024-02-02,662.1795654296875,667.1088141678746,654.3343429267209,656.9527263442375,3018000
2024-02-05,700.4136352539062,706.0470878870013,676.9375966105649,685.3580225813103,7602400
2024-02-06,699.253173828125,735.9202210123059,685.4372598043158,735.9202210123059,8187300
2024-02-07,719.4365234375,734.9186066444292,701.2269726602829,704.5594275995661,5798000
2024-02-08,729.6520385742188,734.9284552608102,719.8034094541606,722.3523588641432,4636900
2024-02-09,734.0953979492188,739.5900441443677,727.5990781401185,729.4736067634107,2833900
2024-02-12,731.2191772460938,734.7301500187068,720.4977527606669,734.7301500187068,2932300
2024-02-13,736.8822631835938,736.8921909317378,724.1970829926121,724.1970829926121,2860300
2024-02-14,752.4214477539062,759.1179303387718,740.1909130788804,741.0056271326318,3394300
2024-02-15,752.8883666992188,758.0646960153142,745.1685046179603,750.9211068662354,2507000
2024-02-16,777.01171875,789.3415842242293,758.5715279103986,766.0529500832087,5000700
2024-02-20,750.781982421875,788.2585210926169,748.3379012015198,784.900335060937,4701100
2024-02-21,741.0950317382812,744.6618845250576,728.5068351395124,733.3156190212272,3548700
2024-02-22,764.6718139648438,770.1164199179855,751.3881251955806,758.6509350635964,3167400
2024-02-23,764.5724487304688,772.6301432002301,757.3394740709707,769.0036803992467,2394800
2024-02-26,766.9370727539062,775.1834823336069,764.1551594866913,766.3210798390644,2243800
2024-02-27,760.061767578125,767.9604608204046,740.6280338288327,750.02698941297,2716700
2024-02-28,752.749267578125,758.0746529453305,746.8078286689869,757.3294943742833,2716300
2024-02-29,748.8148193359375,751.5769029203741,739.2271486343184,748.2187167269313,3905400
2024-03-01,777.0712280273438,779.0185976007612,759.1973673782101,764.0558158409216,4240500
2024-03-04,787.1657104492188,795.6108413264369,781.085160427752,791.2988301728986,3855600
2024-03-05,772.5704956054688,783.4398776913752,764.3141410862559,780.240632034934,3168700
2024-03-06,774.7363891601562,782.7641868717743,769.0036166951269,779.2271700785128,2518600
2024-03-07,775.1238403320312,787.8710363694303,756.2067702484343,766.8576014311287,3977400
2024-03-08,757.22021484375,774.9649096309076,750.126290732481,774.9649096309076,4042900
2024-03-11,729.6294555664062,751.9146571040552,722.9230284822124,747.3543206458525,3968900
2024-03-12,750.0765991210938,751.0899735003565,733.2459491245368,736.1769181792255,2701700
2024-03-13,752.9480590820312,755.8591382282569,740.8963551478035,752.1134547222873,2357500
2024-03-14,755.8192749023438,763.0423646079045,744.5624565965203,760.0120652621074,2647500
2024-03-15,749.3016967773438,755.9783496513571,742.8834359060929,750.5039078674093,3729300
2024-03-18,757.73681640625,764.7115199937307,753.3553107174221,757.359325189097,2521400
2024-03-19,767.7916259765625,768.8546656124785,750.1263692589691,753.5441660028289,2557100
2024-03-20,767.8710327148438,768.1690840317119,751.7557648908179,765.1387844680862,2038000
2024-03-21,765.287841796875,775.5014510002724,753.9812969081491,769.0036897164329,3013200
2024-03-22,765.6355590820312,771.9843250348457,762.3270984935195,765.029511295793,1979700
2024-03-25,768.1492309570312,773.4646713095079,763.1914521738943,766.1223607817833,1806600
2024-03-26,769.89794921875,773.3058008689239,764.0360101896965,769.2024556768199,2099000
2024-03-27,773.1566772460938,780.1909913373709,762.4264056445351,773.6832850924429,2297700
2024-03-28,772.9381103515625,788.5466598628058,771.4279028974536,775.2828614526136,3209400
2024-04-01,755.6404418945312,772.4810374106872,748.9539051816648,770.9907202967116,2921300
2024-04-02,759.0284423828125,760.1312624627019,748.6359428319925,750.1958153116469,2596800
2024-04-03,770.9807739257812,782.168097412894,760.4690535856619,760.7472752209195,3044900
2024-04-04,763.1219482421875,782.8140145203068,762.8636168776279,776.4950231632179,2354000
2024-04-05,779.1478271484375,781.6316892686527,758.1641648081518,760.5287457567249,2111900
2024-04-08,772.2723388671875,780.1313114117322,768.3577703193087,779.9524806424776,1664200
2024-04-09,752.3518676757812,772.799036993333,745.8044412894686,772.620206203176,2464800
2024-04-10,757.0612182617188,760.320074188483,742.0090515037424,746.4303378223962,1700300
2024-04-11,754.6867065429688,758.4025543196542,745.824243438793,754.8754824769204,1594800
2024-04-12,746.7880249023438,758.5714516271792,744.9499306453346,754.6668278564503,2490000
2024-04-15,745.923583984375,763.0423399933792,744.6816530924588,755.163537692001,2358600
2024-04-16,741.919677734375,748.2783890835328,738.2038296671698,746.8277917596929,2569800
2024-04-17,745.923583984375,766.8476332257347,740.0715910677877,754.2991586425197,3069400
2024-04-18,741.134765625,747.3444207082559,738.9688452088998,744.5823370194655,1717300
2024-04-19,721.6215209960938,745.168544875638,717.408900748234,744.3239954112523,3503900
2024-04-22,726.609130859375,733.116837129011,720.7372471703394,725.0293679554912,2354100
2024-04-23,740.8764038085938,741.3433407438976,726.7183908009002,736.4153974827904,2042000
2024-04-24,727.4735107421875,747.7815687696767,724.0854890335144,747.7815687696767,2133400
2024-04-25,720.1907958984375,723.2906507438339,713.6631994525083,720.3199615704257,2608800
2024-04-26,728.7750244140625,732.6895931823126,716.3457698013318,718.8097413935357,2009200
2024-04-29,732.4412231445312,735.7994093485576,724.900191590454,731.000571086872,2665600
2024-04-30,776.0577392578125,790.3648071637506,762.7044960926555,769.9971408572052,7437100
2024-05-01,771.7359008789062,777.5580586831229,763.2907703253553,769.7587564871899,2802100
2024-05-02,751.0303955078125,772.3221131541965,749.4208578422082,772.3221131541965,3205600
2024-05-03,730.2255859375,740.190869299042,725.6255293450135,738.2037797170311,4595100
2024-05-06,761.7308959960938,762.0388924487468,731.2489497690722,733.2757592664187,3398300
2024-05-07,772.7493286132812,774.0608149754959,757.1903836880091,763.9365914294275,2879400
2024-05-08,769.9971923828125,776.3061773800657,767.2152791708227,774.0707016602447,2089800
2024-05-09,766.5694580078125,778.9391025684129,764.2346520461189,771.9842891526235,2522100
2024-05-10,755.093994140625,772.4015263425873,755.093994140625,769.0235106482318,2082300
2024-05-13,752.8088989257812,758.6211116862966,745.6851997665465,758.5714465750675,1848900
2024-05-14,759.0484008789062,759.5650636236276,746.6688704377813,746.6688704377813,1956200
2024-05-15,783.2723999023438,783.9093061945109,759.4662580484509,760.5113067704771,3038300
2024-05-16,767.4481201171875,782.7349651707809,766.4728060632712,780.9734347616179,2299700
2024-05-17,766.33349609375,771.1803017874042,763.4472807067555,769.2097493785542,1670300
2024-05-20,779.45068359375,780.5952318764863,762.4719215166926,763.2482365073184,2188800
2024-05-21,799.3455200195312,812.7215250610337,787.6216445556365,788.6865568148114,4334500
2024-05-22,799.0867309570312,801.0473819319586,791.4632325524594,797.1858525929205,1767500
2024-05-23,804.6004028320312,816.7024736376299,798.3403151493055,806.1430100232944,3025800
2024-05-24,803.585205078125,806.2623983743196,800.3208552370838,804.15249816444,1774600
2024-05-28,804.0132446289062,805.1478309347447,784.496635023872,805.1478309347447,2483500
2024-05-29,807.665771484375,811.7263000360869,798.2707194475962,799.1763595783067,2380000
2024-05-30,811.1788940429688,816.0854113771024,802.271499464021,808.9196837537496,1986300
2024-05-31,816.4337768554688,822.2758205529085,807.2377243536314,814.9010710662346,4472100
2024-06-03,827.3017578125,834.2883497691114,814.6025080172612,819.9071449007819,2537200
2024-06-04,828.62548828125,831.4917187188156,821.3801242530401,830.0287475657303,1748300
2024-06-05,827.7994384765625,834.4575852970179,813.7267539899336,826.5354663662428,2169000
2024-06-06,833.3030395507812,842.9369388344705,827.9188271709231,830.9045420179372,2109000
2024-06-07,845.942626953125,852.7301597217148,833.0244527373239,833.7708814923731,2468800
2024-06-10,860.8811645507812,867.4795996079986,845.3455086339329,849.9136185999895,3444500
2024-06-11,861.6972045898438,877.9395004148455,848.1718897985523,877.9395004148455,4109100
2024-06-12,863.1701049804688,867.8477368117298,849.7841386341818,867.8477368117298,2594600
2024-06-13,879.1238403320312,880.845583105358,857.397771833008,864.8919451829534,2243400
2024-06-14,874.26708984375,880.3977309954923,871.8287438792012,878.1286192766582,2023300
2024-06-17,880.7958374023438,887.9516030450177,872.6846211455528,873.8192073602187,2532200
2024-06-18,887.2151489257812,890.6088847711236,879.7906494055293,882.7763642790775,2437000
2024-06-20,881.7711181640625,901.1384761742665,865.98665426305,888.7477479426235,3360000
2024-06-21,879.6712036132812,887.7226471701339,875.610614478604,881.4426961400153,3448700
2024-06-24,885.87158203125,899.2774740247988,878.7357401596993,885.7421961878102,2878200
2024-06-25,900.3024291992188,905.0895225947901,887.2548707487216,887.5236045056469,2839800
2024-06-26,896.9684448242188,902.0341735557548,893.5647469800795,899.6953879402237,2232100
2024-06-27,904.71142578125,905.2389312512759,895.4357972958194,899.2277136317123,1948100
2024-06-28,901.0689086914062,911.1805036728547,901.0689086914062,906.970664860194,3375400
2024-07-01,910.0159912109375,912.4642991670189,900.0038968741259,907.4283960660882,2546100
2024-07-02,902.3925170898438,907.6573056901275,874.3168235183958,898.4115639947116,4584600
2024-07-03,893.8234252929688,914.1263093743777,879.7905906226999,906.6620226892304,3078400
2024-07-05,910.215087890625,912.0961028326908,892.6292443589202,894.1519273516466,2880900
2024-07-08,913.6287231445312,924.1881865098147,907.6572935814952,913.5192615145611,2364600
2024-07-09,928.0596923828125,930.5477880728469,916.3955289453028,924.6261081816604,2416000
2024-07-10,935.3050537109375,941.1868851790009,928.557309060075,932.1103169853711,2683300
2024-07-11,929.69189453125,938.3902673145192,914.2457771024831,929.6421447665253,2855100
2024-07-12,943.8839721679688,946.2625453983889,931.572879984981,932.5382319214889,2315100
2024-07-15,945.9341430664062,961.4996227044369,943.5754333380419,951.6468007458886,2358700
2024-07-16,937.1163330078125,951.83594593332,933.9116949280086,951.198978860289,2111800
2024-07-17,901.2778930664062,920.5954420470672,898.3419278861077,905.6768294134503,4200600
2024-07-18,844.8577880859375,905.5374359908378,832.6760206878598,902.7109933330644,7649600
2024-07-19,853.3869018554688,876.0186703884551,848.9382160938011,863.5283819194768,3782200
2024-07-22,861.8464965820312,870.2562725131668,852.7401024243201,860.6820847591129,2904500
2024-07-23,874.1077880859375,883.4928775731332,859.9654913108296,865.8572847919824,2087700
2024-07-24,855.7854614257812,874.1575811774816,850.2021894861889,868.3453631367477,2726100
2024-07-25,817.2797241210938,847.5648176379792,802.5402476504395,842.9668216521657,5468000
2024-07-26,800.78857421875,818.0957814973079,797.4843760286842,808.0040513362934,4173900
2024-07-29,803.9435424804688,820.8427304989337,800.1716111070855,810.1339564321574,2473700
2024-07-30,786.447265625,817.9863692489678,772.1158100493017,811.2983363988005,3848600
2024-07-31,800.4403076171875,807.2775897132367,788.3183127057526,796.3597942391771,2961700
2024-08-01,828.4761352539062,836.8859106558547,816.2745045309581,829.6505091052253,4060700
2024-08-02,800.62939453125,816.2844729623715,783.2724368031987,812.7812148400697,3515900
2024-08-05,771.5684204101562,789.1642254947493,743.9903464560557,754.3905983848034,4661800
2024-08-06,789.403076171875,802.4307717293741,781.2620344903501,785.3823354674943,3437600
2024-08-07,768.4633178710938,782.8345613964564,759.3867494071305,774.5939590900941,4407700
2024-08-08,841.2848510742188,873.6002689613964,821.3104119080199,870.8334774414117,9434900
2024-08-09,887.43408203125,904.1640354617318,855.9049399063678,855.9049399063678,6587600
2024-08-12,880.1688842773438,900.411998010649,878.7954505143729,899.9044774847922,4206100
2024-08-13,903.72607421875,910.3344707295769,886.0904817138388,889.8226251243103,3506800
2024-08-14,927.2435302734375,929.9306855953403,899.4863219558875,905.666773121812,3562900
2024-08-15,928.4395751953125,934.7980724950363,916.898595407838,932.84465793667,3080000
2024-08-16,919.011474609375,933.14366569939,916.2906970646674,925.2603575375792,2364900
2024-08-19,918.7025146484375,922.8783923124876,913.4104174453508,919.0114671846101,2374600
2024-08-20,946.767578125,963.7401984077931,927.3732176131964,928.957823585409,4961500
2024-08-21,948.7608032226562,953.2755614257442,936.0039652199538,952.398523110302,2617000
2024-08-22,950.953369140625,969.2515217567635,944.9437285765785,948.7707494424768,3183700
2024-08-23,949.5282592773438,957.2621096880067,939.9307175902777,952.2191696172564,2063300
2024-08-26,947.3257446289062,951.7806468353517,939.591894247571,946.0002110937506,2166000
2024-08-27,951.2623901367188,969.2017114141037,946.7476925798671,949.2890842616158,2912900
2024-08-28,945.7410888671875,955.1094254341588,940.0802436671427,950.9335476535861,1701800
2024-08-29,937.030517578125,954.2921376767811,932.8446639713476,951.7806133468343,1762800
2024-08-30,956.78369140625,957.7603682581082,937.3394519287846,941.8143059353927,2555100
2024-09-03,953.3054809570312,966.3812473964166,948.3721556841846,954.541291073345,2529400
2024-09-04,943.1199340820312,950.7840130987814,934.8479260081637,946.5483400844524,1891700
2024-09-05,909.6730346679688,939.8210590982137,903.1151994290915,937.9872351447929,3201100
2024-09-06,899.6669311523438,924.7720165513696,889.9896422589829,914.6661845138962,3440000
2024-09-09,905.2081298828125,912.3439658795982,892.8997267500811,909.4936218894748,2405900
2024-09-10,898.2117919921875,912.0250538835744,891.9828613958477,911.02842498816,1930400
2024-09-11,917.78564453125,918.4334168484022,894.1755023711861,899.1088278189619,2721100
2024-09-12,931.8679809570312,934.4591917858858,915.5332185570213,921.194063454529,2511800
2024-09-13,920.5961303710938,939.1732473867099,918.9915115642458,933.8512829676217,2045400
2024-09-16,920.4266357421875,929.466067197466,917.3271344510139,927.9910758855302,1760300
2024-09-17,903.1251831054688,918.3935453863522,899.2582580480163,918.3935453863522,2248000
2024-09-18,901.9192504882812,912.4137822832735,900.4143919058445,903.2547600148343,1777000
2024-09-19,911.9552612304688,913.7193137994985,900.812957739886,909.7726415673874,2446500
2024-09-20,918.3836059570312,936.6916749929682,910.1215738191454,918.8819204345024,9921800
2024-09-23,915.423583984375,918.8918330428163,906.3841526873434,917.8952041566527,2292000
2024-09-24,921.3136596679688,922.5594458104666,906.1350207731823,919.0114493098087,2767400
2024-09-25,921.4432373046875,936.1335379398728,918.0846026907284,928.6488449735964,1805100
2024-09-26,906.254638671875,918.7423677091019,902.2481708515229,917.1577617525828,2693000
2024-09-27,874.8308715820312,898.1719645200153,872.6582278513725,890.6075243059418,4377300
2024-09-30,882.9534301757812,884.4383975378423,855.9148826376263,861.6056556846074,3244600
2024-10-01,881.4983520507812,888.2655015353655,875.907278254164,885.8337244702028,2455200
2024-10-02,888.066162109375,890.3384444747034,875.7378669151285,877.0334723788984,1751600
2024-10-03,882.5647583007812,888.9930272217972,877.9105181165056,886.5412980956719,1974700
2024-10-04,884.1692504882812,885.973146328053,873.9339132538345,882.9234643881792,1970500
2024-10-07,895.3713989257812,902.2282104007784,886.5711489932099,887.5079825618694,2915700
2024-10-08,910.6397705078125,918.8619593047895,899.1885136614544,899.9559374145813,2200000
2024-10-09,916.6394653320312,918.2440232804929,908.9255672897109,913.2010834214695,1820100
2024-10-10,907.6199951171875,918.891865788203,902.0986927896696,916.8986079448446,1682100
2024-10-11,928.91796875,929.0973546599356,908.1083515858293,912.9519536422991,2293900
2024-10-14,926.3765869140625,933.8413280319011,922.8784095598082,932.8446990798926,1550400
2024-10-15,910.2411499023438,923.3966640635351,904.7397386934413,921.3236588381018,2284200
2024-10-16,913.3306884765625,914.7160173208969,894.8133663188726,906.9622756944466,1645400
2024-10-17,914.0283203125,927.3731962973565,912.9519440348107,917.8952454310481,2191200
2024-10-18,914.8754272460938,917.8154947476719,902.5670843250185,914.088112292068,2286900
2024-10-21,903.0753784179688,915.762445248469,901.5106636962428,914.885406922541,1592200
2024-10-22,906.085205078125,908.0485348483567,897.1653640966697,898.6403554298143,1391800
2024-10-23,900.205078125,904.8892462468035,888.7238934229458,902.5670838151452,2646600
2024-10-24,888.3153076171875,896.966039453724,885.2855775602843,895.3016861683037,1797100
2024-10-25,889.690673828125,897.9228386692985,886.4516297479163,896.6969436995635,2228300
2024-10-28,892.5709228515625,895.1820857603608,887.7771401708175,891.853318396568,2084100
2024-10-29,900.533935546875,904.919066097493,895.1820433566037,895.1820433566037,3187500
2024-10-30,843.9752807617188,857.5991809917256,766.4076353081197,795.80818828808,18257200
2024-10-31,826.94287109375,850.6227839870064,822.4580409497061,833.6900683536426,6582800
2024-11-01,816.1693115234375,830.1918876821345,813.9767157406295,825.2087430982082,5266300
2024-11-04,803.4224243164062,817.4250479911108,800.9706953596133,802.2862527879363,3918100
2024-11-05,803.3427124023438,806.4821178617278,794.8015951778218,801.1202493551813,3733300
2024-11-06,773.7627563476562,817.963224079313,765.0223013603501,814.574722290243,8257900
2024-11-07,794.76171875,799.8445017460713,775.5666366380746,782.0048811519114,4557600
2024-11-08,828.7367553710938,844.413768987114,798.5588645744455,800.7913035286166,7212900
2024-11-11,829.6337890625,841.1548170620698,821.8501195510614,828.4976174830515,3342800
2024-11-12,816.0995483398438,831.1785488675612,807.9869742772371,827.4013471338542,3378600
2024-11-13,809.0733032226562,826.3149709915465,808.555036730307,817.5546248770306,3059300
2024-11-14,783.5795288085938,806.4621504914285,780.8687273702446,806.4621504914285,3998800
2024-11-15,744.9161987304688,776.6414905637881,742.9196396670959,773.8563126052359,7334600
2024-11-18,725.9488525390625,732.7371408403832,710.1760488868379,731.9285368960076,9154400
2024-11-19,728.4744873046875,728.7440422700231,711.1942714245042,715.0775933414794,5832500
2024-11-20,752.11376953125,756.0669784871258,734.194700339169,734.524088721214,5158900
2024-11-21,748.6297607421875,751.704478724903,733.7354473609611,744.8363107513846,4143200
2024-11-22,746.7230834960938,759.9702724014043,743.7981317749718,755.7475085427989,4015500
2024-11-25,753.7010498046875,753.7010498046875,738.7368493063955,748.7096521238617,5690500
2024-11-26,787.9619750976562,805.6115491857971,772.618424196373,783.8490684694092,6622600
2024-11-27,786.8339233398438,793.4625138582226,778.957483443614,786.7640364630666,2714700
2024-11-29,793.9815673828125,798.9530406716499,787.9719662901781,789.9685252686276,2206900
2024-12-02,798.4239501953125,803.9643893611417,793.8518129201846,796.7368553644776,2895600
2024-12-03,811.9306640625,815.7241138889482,800.2307969087649,801.5485331299794,2782100
2024-12-04,828.4122924804688,845.0036930040319,819.0883350805257,826.6752349578421,3871100
2024-12-05,824.1995239257812,829.7000537730628,816.0535899358769,826.3558417876193,2423400
2024-12-06,825.2876586914062,839.553050661371,824.2693941144798,826.2559605497424,3047100
2024-12-09,802.1974487304688,822.2828271722186,799.9014180920856,822.2828271722186,3176000
2024-12-10,798.204345703125,812.5995191414805,795.6287675132186,807.8776765684402,2695200
2024-12-11,794.6604614257812,798.124462052133,785.0170473131254,793.8817741675532,3510900
2024-12-12,781.0039672851562,800.4604865401031,777.050819334758,795.3592318259971,2823800
2024-12-13,787.7623291015625,792.8835079080717,771.6600755868521,775.7929674184466,3059400
2024-12-16,777.6597290039062,798.4040062204673,773.9161808861082,790.6373624789394,3426200
2024-12-17,777.2803955078125,786.6442622860865,771.1010428376741,776.5216933232816,3924800
2024-12-18,763.3943481445312,777.6597404471495,761.1881284864589,773.666622396073,3354200
2024-12-19,756.2366333007812,771.6400787313105,751.1055229586552,763.7836239115748,4032600
2024-12-20,766.4390869140625,809.9540566663088,765.2910411046539,809.9540566663088,9942300
2024-12-23,794.9100341796875,797.9846911880586,771.73994491362,783.8191025625744,3622300
2024-12-24,794.301025390625,796.3774637919458,785.7457628427845,790.0084357661802,1165400
2024-12-26,792.773681640625,802.5268307372023,790.13820918763,792.7536965533594,1274200
2024-12-27,781.8225708007812,791.9351474221116,777.8793544291319,788.6408371239525,2096500
2024-12-30,772.5086669921875,778.4184648158086,769.6735262858384,776.5816036506864,1719100
2024-12-31,770.6717529296875,772.5784399132945,762.9849888038161,769.6734734569807,2327000
2025-01-02,776.7313232421875,785.6459516976091,770.4421746967107,779.2470070324358,1938900
2025-01-03,780.6345825195312,784.4879876895664,774.1957285001358,776.8311400685233,1799100
2025-01-06,763.7836303710938,783.4198322447171,762.0366412248377,782.3715900128467,3991100
2025-01-07,771.9595336914062,782.6112198408923,760.3096289706801,763.5840149816938,3576100
2025-01-08,785.8655395507812,791.1963787598531,769.3440264153058,772.4986236791443,3478400
2025-01-10,798.5238037109375,798.6236072897904,783.5096408985961,790.5674843396371,3973100
2025-01-13,796.10791015625,803.9544332739637,782.2617784701215,793.0332531891509,3683800
2025-01-14,743.6283569335938,782.8807142589969,727.7457568680019,782.8807142589969,10373000
2025-01-15,745.4552612304688,753.3017238682573,734.0050240413232,747.7113827617244,5736900
2025-01-16,756.2965087890625,764.1929335874834,745.1158273702889,746.2139104249436,3070300
2025-01-17,724.4713745117188,753.9805752290594,723.7626350571026,746.5433807165151,5560100
2025-01-21,741.07275390625,742.0012074490701,725.2800260169132,730.0118610435184,5122800
2025-01-22,752.6827392578125,759.0617597279493,737.7784340038193,744.2972282237267,3737800
2025-01-23,765.2810668945312,765.2810668945312,742.969543667049,746.373650070958,3127200
2025-01-24,784.0586547851562,787.931984018293,759.1815473560523,760.6390573227955,4170600
2025-01-27,806.779541015625,807.8576999555247,777.3702654101281,777.3702654101281,3915200
2025-01-28,803.6050415039062,814.7458753514696,798.7334324479352,805.8511704810596,2808800
2025-01-29,802.6965942382812,807.7279009634832,797.6253173379448,805.6015607625011,1827600
2025-01-30,821.8135986328125,823.2012217363033,803.6149831699759,807.01908939501,2643000
2025-01-31,809.6845703125,825.9265366738198,809.6346685225188,821.5840451329641,2562600
2025-02-03,809.03564453125,816.5527183816666,800.3705858186629,802.8862696459171,2808800
2025-02-04,824.6487426757812,827.6136035040412,804.5533717393162,809.654565291794,4299700
2025-02-05,840.7310180664062,845.4429289680448,829.630154952735,833.7131448979034,4578900
2025-02-06,868.87255859375,886.2126693338952,834.172352025007,838.0756591483605,7138500
2025-02-07,876.7988891601562,887.8298657504711,868.1238376309657,875.0219832852904,4426100
2025-02-10,867.3851318359375,878.4859954494782,857.8914836590178,876.2198813953873,3065600
2025-02-11,863.5117797851562,872.685970957883,859.019521971245,865.5383164454574,1944200
2025-02-12,871.468017578125,876.2698004203844,854.6370399914755,855.4556364853055,2533400
2025-02-13,870.3599853515625,881.979973823474,866.3069728552955,875.5610436911925,2472900
2025-02-14,844.27001953125,873.5,841.489990234375,869.0999755859375,3222300
2025-02-18,857.2000122070312,862.72998046875,851.3599853515625,856.4199829101562,4289400
2025-02-19,867.0499877929688,881.3300170898438,857.1799926757812,857.1799926757812,3205500
2025-02-20,873.1199951171875,880.3200073242188,864.0,866.8400268554688,2990300
2025-02-21,873.6799926757812,894.4000244140625,873.4299926757812,880.6199951171875,3940400
2025-02-24,881.4000244140625,893.1099853515625,870.02001953125,879.2899780273438,3017100
2025-02-25,901.7999877929688,912.0,890.739990234375,890.739990234375,5111300
2025-02-26,915.010009765625,922.4299926757812,896.5999755859375,898.3699951171875,3032800
2025-02-27,905.1599731445312,925.5,904.0599975585938,915.719970703125,3085400
2025-02-28,920.6300048828125,921.219970703125,892.6099853515625,901.8400268554688,4071100
2025-03-03,929.719970703125,935.6300048828125,910.0,912.7999877929688,3979800
2025-03-04,911.0599975585938,929.1599731445312,902.7899780273438,922.239990234375,3343500
2025-03-05,929.719970703125,930.489990234375,901.6400146484375,904.7999877929688,3109500
2025-03-06,912.760009765625,931.3800048828125,898.280029296875,920.4199829101562,3273100
2025-03-07,869.5800170898438,908.0,861.3900146484375,905.3900146484375,4818100
2025-03-10,829.760009765625,863.1900024414062,825.780029296875,853.9099731445312,5962900
2025-03-11,824.0599975585938,832.3499755859375,811.6400146484375,827.2000122070312,3796500
2025-03-12,821.8599853515625,834.6500244140625,813.260009765625,814.9500122070312,3014800
2025-03-13,801.6500244140625,821.1099853515625,795.3800048828125,818.239990234375,3566300
2025-03-14,813.47998046875,815.2100219726562,800.0,803.1099853515625,3102300
2025-03-17,824.760009765625,829.0,814.5700073242188,816.9500122070312,2546600
2025-03-18,822.510009765625,836.2899780273438,812.6199951171875,833.4199829101562,2354900
2025-03-19,837.010009765625,842.1300048828125,819.5,821.719970703125,3790500
2025-03-20,842.5700073242188,854.3900146484375,832.4600219726562,839.030029296875,4402700
2025-03-21,836.5499877929688,850.4249877929688,825.3200073242188,837.7999877929688,2709456
